Candidate Amount,Top K,Weights,Precision @ 1,Recall @ 1,Hit Rate @ 1,mrr @ 1,map @ 1,ndcg @ 1,Precision @ 3,Recall @ 3,Hit Rate @ 3,mrr @ 3,map @ 3,ndcg @ 3,Precision @ 6,Recall @ 6,Hit Rate @ 6,mrr @ 6,map @ 6,ndcg @ 6
10,3,"0.3, 0.7",1,0.916666667,1,1,0.916666667,1,0.388888889,1,1,1,1,1,0.194444444,1,1,1,1,1
10,3,"0.5, 0.5",1,0.916666667,1,1,0.916666667,1,0.388888889,1,1,1,1,1,0.194444444,1,1,1,1,1
10,3,"0.7, 0.3",1,0.916666667,1,1,0.916666667,1,0.388888889,1,1,1,1,1,0.194444444,1,1,1,1,1
10,6,"0.3, 0.7",1,0.916666667,1,1,0.916666667,1,0.388888889,1,1,1,1,1,0.194444444,1,1,1,1,1
10,6,"0.5, 0.5",1,0.916666667,1,1,0.916666667,1,0.388888889,1,1,1,1,1,0.194444444,1,1,1,1,1
10,6,"0.7, 0.3",1,0.916666667,1,1,0.916666667,1,0.388888889,1,1,1,1,1,0.194444444,1,1,1,1,1
10,9,"0.3, 0.7",1,0.916666667,1,1,0.916666667,1,0.388888889,1,1,1,1,1,0.194444444,1,1,1,1,1
10,9,"0.5, 0.5",1,0.909090909,1,1,0.909090909,1,0.393939394,1,1,1,1,1,0.196969697,1,1,1,1,1
10,9,"0.7, 0.3",1,0.916666667,1,1,0.916666667,1,0.388888889,1,1,1,1,1,0.194444444,1,1,1,1,1
20,3,"0.3, 0.7",1,0.916666667,1,1,0.916666667,1,0.388888889,1,1,1,1,1,0.194444444,1,1,1,1,1
20,3,"0.5, 0.5",1,0.916666667,1,1,0.916666667,1,0.388888889,1,1,1,1,1,0.194444444,1,1,1,1,1
20,3,"0.7, 0.3",1,0.916666667,1,1,0.916666667,1,0.388888889,1,1,1,1,1,0.194444444,1,1,1,1,1
20,6,"0.3, 0.7",1,0.916666667,1,1,0.916666667,1,0.388888889,1,1,1,1,1,0.194444444,1,1,1,1,1
20,6,"0.5, 0.5",1,0.916666667,1,1,0.916666667,1,0.388888889,1,1,1,1,1,0.194444444,1,1,1,1,1
20,6,"0.7, 0.3",1,0.916666667,1,1,0.916666667,1,0.388888889,1,1,1,1,1,0.194444444,1,1,1,1,1
20,9,"0.3, 0.7",1,0.916666667,1,1,0.916666667,1,0.388888889,1,1,1,1,1,0.194444444,1,1,1,1,1
20,9,"0.5, 0.5",1,0.916666667,1,1,0.916666667,1,0.388888889,1,1,1,1,1,0.194444444,1,1,1,1,1
20,9,"0.7, 0.3",1,0.916666667,1,1,0.916666667,1,0.388888889,1,1,1,1,1,0.194444444,1,1,1,1,1
30,3,"0.3, 0.7",1,0.916666667,1,1,0.916666667,1,0.388888889,1,1,1,1,1,0.194444444,1,1,1,1,1
30,3,"0.5, 0.5",1,0.916666667,1,1,0.916666667,1,0.388888889,1,1,1,1,1,0.194444444,1,1,1,1,1
30,3,"0.7, 0.3",1,0.916666667,1,1,0.916666667,1,0.388888889,1,1,1,1,1,0.194444444,1,1,1,1,1
30,6,"0.3, 0.7",1,0.916666667,1,1,0.916666667,1,0.388888889,1,1,1,1,1,0.194444444,1,1,1,1,1
30,6,"0.5, 0.5",1,0.916666667,1,1,0.916666667,1,0.388888889,1,1,1,1,1,0.194444444,1,1,1,1,1
30,6,"0.7, 0.3",1,0.916666667,1,1,0.916666667,1,0.388888889,1,1,1,1,1,0.194444444,1,1,1,1,1
30,9,"0.3, 0.7",1,0.916666667,1,1,0.916666667,1,0.388888889,1,1,1,1,1,0.194444444,1,1,1,1,1
30,9,"0.5, 0.5",1,0.916666667,1,1,0.916666667,1,0.388888889,1,1,1,1,1,0.194444444,1,1,1,1,1
30,9,"0.7, 0.3",1,0.916666667,1,1,0.916666667,1,0.388888889,1,1,1,1,1,0.194444444,1,1,1,1,1
